practices,social,study vs product,system perception,system use,value judgements
allergy,ashamed,budget,communication,additional order,glitch
amazon,children,convenience,delivery perception,agency,good
amazon subscribe,concierge,depot,description,attribution,issue
brand,coordination,meta,engagement,autonomy,like
busy,courier,money,expectation,awareness,not working
change of practice,delivery social,other products,mental model,battery,sustainability
consumption,guilty,packaging,peace of mind,cancelling,working
cook,human,perishable,price,check,works
cooking,indulgence,real,provenance,checking,
diet,multi-user,study,quality,contextual,
eat,neighbour,,self-blame,control,
eating,researcher in the loop,,superfluous,delay,
eating pattern,social,,trust,delivery,
exceptions,,,understanding,disconnection,
existing practice,,,useful,fixing,
fattening,,,,lazy,
fitting in,,,,learning,
freezing,,,,manual,
group buying,,,,manual operation,
healthy,,,,manual order,
ingredient,,,,manual refill,
lifestyle,,,,monitoring,
market,,,,multiple orders,
ocado,,,,notification,
other service,,,,order,
plan,,,,override,
planning,,,,preferences,
practice change,,,,product,
routine,,,,quantity,
seasonal,,,,reliance,
shop,,,,run out,
shopping,,,,scale,
snack,,,,seamless,
supermarket,,,,sensing,
top-up shopping,,,,sensor,
travel,,,,settings,
unusual,,,,substitution,
veg box,,,,system,
waste,,,,threshold,
,,,,timely,
,,,,ui,
,,,,ux,
,,,,website,
,,,,weight,
,,,,wire,
